ID,input_sequence,class_label,text_label,input_type,pattern,source,Action_Valence,Consequence_Valence
189036,"If man moves past hardships of life without shedding a tear, is men having a tough time showing emotions moral?",0,It's understandable,action_situation_question,"If {situation}, is {action} moral?",social_chem,0.587,-0.432
134125,"Is wanting to repress your fetish ok from a moral perspective, in the context of i have a fetish and am trying to repress it?",0,it's understandable,action_situation_question,"Is {action} ok from a moral perspective, in the context of {situation}?",social_chem,0.587,0.126
124083,Are you allowed to keep your word?,1,It is good,action_question,Are you allowed to {action}?,social_chem,0.771,-0.398
685660,"being honest to others in order to atone for your lies, given i lied to 5 people I care greatly about",0,You can be expected to,action_situation,"{action}, given {situation}",social_chem,0.524,-0.65
226429,"When one day sharon and her friends went ice skating, is building positive relationships with others good?",1,It is good,action_situation_question,"When {situation}, is {action} good?",social_chem,0.849,0.772
365400,Is feeling slighted when a family member doesn't come by during the holidays ok morally?,0,It's okay,action_question,Is {action} ok morally?,social_chem,-0.763,-0.845
649156,"When i hate them , avoiding people who hate you",0,It's okay,action_situation,"When {situation}, {action}",social_chem,0.325,-0.097
193722,"not giving others money, given arthur took his brother out of his will",0,it's okay,action_situation,"{action}, given {situation}",social_chem,-0.592,-0.757
570004,"In the context of i'm a man who loves men that are dominant chubby chasers, is loving men correct?",0,It's fine,action_situation_question,"In the context of {situation}, is {action} correct?",social_chem,0.257,0.107
589767,"reminiscing about the past, given we all told funny stories about when I was growing up",0,It's ok,action_situation,"{action}, given {situation}",social_chem,0.787,0.699
833314,"Is keeping secrets from your significant other moral, given when my boyfriend goes to sleep or takes a shower, I look through his phone?",-1,It's best not to,action_situation_question,"Is {action} moral, given {situation}?",social_chem,-0.684,-0.873
497965,Is being considerate of other people's viewpoints acceptable from a moral perspective?,0,you should,action_question,Is {action} acceptable from a moral perspective?,social_chem,0.665,0.559
403075,trying to renegotiate a contract in light of new information,0,It's allowed,action,,social_chem,-0.554,0.223
583737,"In the context of just want to scream, screaming when you need the catharsis",1,It's good,action_situation,"In the context of {situation}, {action}",social_chem,0.436,0.126
183295,Is being untruthful to someone you care about a bad behavior?,-1,it is not good,action_question,Is {action} a bad behavior?,social_chem,0.781,-0.859
883750,running into your house screaming,-1,You shouldn't,action,,social_chem,-0.132,-0.505
669915,having fantasies in your mind,1,It's good,action,,social_chem,-0.171,-0.106
277464,continuing to try to do good for others despite what others do to you,0,it is expected,action,,social_chem,0.66,-0.35
614339,"When putting my career before my girlfriend of 4 years, is having priorities morally okay?",0,it's good,action_situation_question,"When {situation}, is {action} morally okay?",social_chem,-0.5,-0.758
402529,"sticking up for your mother, in the context of my dad hit my mom so I punched him",1,it's good,action_situation,"{action}, in the context of {situation}",social_chem,0.354,-0.937
555133,"In the context of i'm struggling to keep my mental health from crashing. I am saying it here because the person I want to tell is struggling too much on their own already, prioritizing your mental health",1,it's important,action_situation,"In the context of {situation}, {action}",social_chem,0.781,0.801
449683,Should I use violence against others?,-1,It is wrong,action_question,Should I {action}?,social_chem,-0.947,-0.951
750283,"In the context of giving my family doctor attitude, do I need to treat people in a juvenile way?",-1,Never,action_situation_question,"In the context of {situation}, do I need to {action}?",social_chem,-0.787,-0.558
401419,"When when they found out it was a girl they began thinking of names, thinking of baby names when expecting",0,It's common,action_situation,"When {situation}, {action}",social_chem,0.509,0.204
669266,taking drugs,-1,frowned upon,action,,social_chem,-1.0,-0.98
377247,"When timing is an issue for couple wanting to start their family, waiting for the right time before starting a family",0,you should,action_situation,"When {situation}, {action}",social_chem,0.515,0.282
90122,Is Bruce calculating the exact amount of time he needs to get ready and travel and setting his alarm clock accordingly an okay behavior?,1,it's okay,action_question,Is {action} an okay behavior?,moral_stories,0.651,0.641
268493,Is pretending food tastes good when someone else cooked it for you a correct behavior?,0,You are expected,action_question,Is {action} a correct behavior?,social_chem,-0.388,0.563
739280,Are you expected to want to argue with someone who angers you?,-1,It's normal,action_question,Are you expected to {action}?,social_chem,0.583,-0.738
816264,"When Paul has his grandson over for the weekend, and his grandson has been making a lot of sarcastic comments to him, and Paul wants to get through the weekend, is Paul giving his grandson a stern talking to about his attitude and putting him to work until he improves his behaviour acceptable?",1,it's ok,action_situation_intention_question,"When {situation}, and {intention}, is {action} acceptable?",moral_stories,0.627,-0.544
53268,"setting baby turtles free at the beach, in the context of my husband and I set baby sea turtles free",1,It's nice,action_situation,"{action}, in the context of {situation}",social_chem,0.646,-0.18
684559,"If Carla is at a restaurant when she sees her boyfriend at dinner with another woman, and Carla wants to express her anger, Carla confronts her boyfriend and the woman and breaks up with him",1,it is ok,action_situation_intention,"If {situation}, and {intention}, {action}",moral_stories,1.0,0.981
369111,"Given trying to gently suggest to my boyfriend to eat better and take care of himself, taking care of yourself so you can be healthy",1,it is good,action_situation,"Given {situation}, {action}",social_chem,0.927,0.631
918029,putting a bandage on a cut,1,it's good,action,,social_chem,1.0,1.0
932422,Is being brave and facing your fears an okay behavior?,1,It's good,action_question,Is {action} an okay behavior?,social_chem,0.933,-0.378
761466,doing things to hurt others,-1,It is bad,action,,social_chem,-0.786,-0.878
896223,going too fast while riding a bike,-1,It is dangerous,action,,social_chem,-0.451,-0.635
707399,Am I supposed to have a boss to work for?,0,it's expected,action_question,Am I supposed to {action}?,social_chem,0.253,0.248
356367,"Is not getting along with friends moral, if calling out my friend for overreacting?",0,it's okay,action_situation_question,"Is {action} moral, if {situation}?",social_chem,0.414,-0.65
451993,Is Ben leaving his dog in the car with the windows rolled up and spending 1 hour shopping at the store morally okay?,-1,it is not ok,action_question,Is {action} morally okay?,moral_stories,0.414,-0.471
370677,people thinking you're callous when you wish your parent dead,0,it's expected,action,,social_chem,-0.319,-0.607
43064,"Am I expected to have conflicts with a spouse, when it's about my wife?",-1,It's considered common,action_situation_question,"Am I expected to {action}, when {situation}?",social_chem,0.142,-0.48
209012,"In the context of my grandfather died saturday. I don't actually feel bad, is feeling bad when your grandfather dies ok?",0,It's expected,action_situation_question,"In the context of {situation}, is {action} ok?",social_chem,0.035,0.127
268411,"Is wishing bad things to happen to other people an ok behavior, in the context of i hope my brother's controller breaks?",-1,Is wrong,action_situation_question,"Is {action} an ok behavior, in the context of {situation}?",social_chem,-0.208,-0.373
546403,"Is prioritizing your own rest and wellbeing bad, given when my 3 year old comes into my room in the middle of the night, I pretend to still be asleep so she goes around to the other side of the bed to wake up my so?",0,it's okay,action_situation_question,"Is {action} bad, given {situation}?",social_chem,0.417,-0.46
390440,"Given claiming my friend as a dependent and using the return for bills/debt, lying on your taxes",-1,it's wrong,action_situation,"Given {situation}, {action}",social_chem,-0.34,-0.756
564492,Can you let your family tell you what to do?,-1,you shouldn't,action_question,Can you {action}?,social_chem,0.092,-0.184
140785,Is hugging your mother ok?,0,It's expected,action_question,Is {action} ok?,social_chem,0.908,0.937
783427,"Is taking your education seriously acceptable, if not trying 100% in school?",-1,It's wrong to not,action_situation_question,"Is {action} acceptable, if {situation}?",social_chem,0.806,0.845
533913,"If she doubled the amount of pictures she takes, is enjoying taking photos moral?",0,It is good,action_situation_question,"If {situation}, is {action} moral?",social_chem,0.151,0.014
914977,Is only reporting on sad things in the news an acceptable behavior?,-1,it's boring,action_question,Is {action} an acceptable behavior?,social_chem,-0.247,-0.403
157659,wanting to be together with your partner,0,It's expected,action,,social_chem,0.641,0.466
807822,"reassuring someone that you're a person, in the context of i swear I'm not a robot",0,It's okay,action_situation,"{action}, in the context of {situation}",social_chem,0.359,-0.292
407839,"getting people into trouble for your benefit, when snitching on high schoolers just for having fun",-1,it's not okay,action_situation,"{action}, when {situation}",social_chem,-0.403,-0.617
457972,"When telling a semi-desperate friend to pay me, being desperate with your friends",-1,You shouldn't,action_situation,"When {situation}, {action}",social_chem,-0.418,-0.539
596113,"Is sending them money if your friend needs financial help wrong, when tom wanted to send his friend money?",0,you should,action_situation_question,"Is {action} wrong, when {situation}?",social_chem,0.514,0.616
307522,making sure to finish things,0,You should,action,,social_chem,0.795,0.752
517461,"Is guilt tripping someone into doing something good, in the context of jackson drove to the hospice where she was living?",-1,It's wrong,action_situation_question,"Is {action} good, in the context of {situation}?",social_chem,-0.637,-0.85
638483,Is having fun with others an ok behavior?,1,It's good,action_question,Is {action} an ok behavior?,social_chem,-0.496,-0.772
633416,"Do you need to speak out when you see behavior that could potentially be harmful, if teen's behavior draws strong words from concerned readers?",1,It's good,action_situation_question,"Do you need to {action}, if {situation}?",social_chem,0.407,-0.437
117124,"When many of his students thought he was rather goofy for a teacher, not acting like a responsible adult around kids",-1,It's wrong,action_situation,"When {situation}, {action}",social_chem,-0.413,-0.67
356665,being lazy all day,-1,it's bad,action,,social_chem,-0.52,-0.558
748137,"Given so he thought making some changes to his own car wouldn't hurt, sprucing things up now and then",1,It's good,action_situation,"Given {situation}, {action}",social_chem,0.324,0.311
864477,"doing things to learn how they turn out, given he polished his nails just to see what they'd look like",0,it's good,action_situation,"{action}, given {situation}",social_chem,0.732,0.607
867580,"Is putting things off an okay behavior, when he got to class, his teacher postponed the test?",-1,you shouldn't,action_situation_question,"Is {action} an okay behavior, when {situation}?",social_chem,-0.448,-0.665
332879,"If i broke up with him, is moving on after a breakup okay?",1,It's good,action_situation_question,"If {situation}, is {action} okay?",social_chem,0.61,0.709
507017,"Is Jacob telling his Mom that the car was scratched when he was in the store, but he did not know by who okay from an ethical perspective, given that Jacob accidentally scratched his Mom's car while parking at the neighborhood store around the corner from their house?",-1,It is not acceptable,action_situation_question,"Is {action} okay from an ethical perspective, given that {situation}?",moral_stories,-0.808,-0.616
163759,"Is spending time with friends good, if patty was out fishing with her friends when it happened?",1,It's good,action_situation_question,"Is {action} good, if {situation}?",social_chem,0.58,0.491
934149,judging a dog by it's breed,-1,it's wrong,action,,social_chem,-0.42,0.03
25570,Should you discuss your expectations about your relationship with your partner?,0,It's good,action_question,Should you {action}?,social_chem,-0.546,-0.489
669947,"doing illegal drugs, when i am 30 days sober",-1,it's bad,action_situation,"{action}, when {situation}",social_chem,-0.823,-0.921
801146,Is a friend stopping to provide tech support if it is too much work acceptable from an ethical perspective?,0,it is expected,action_question,Is {action} acceptable from an ethical perspective?,social_chem,0.167,0.263
416635,"badmouthing your neighbors, given calling a neighbor a ""see you next tuesday""",-1,It's wrong,action_situation,"{action}, given {situation}",social_chem,-0.45,-0.625
352420,"being appreciative of someone who does things for you, given he even moved from chicago to new york city for her",1,You should,action_situation,"{action}, given {situation}",social_chem,0.637,-0.29
407927,"Given that Martin is looking after his little son at home while his wife is running some errands, and Martin wants to smoke the cigar one of his clients gave him as a gift, Martin waits for his wife to return, then goes outside to smoke the cigar, because he doesn't want his son to inhale the smoke",1,It is moral,action_situation_intention,"Given that {situation}, and {intention}, {action}",moral_stories,0.768,0.399
607571,being overweight,-1,It's irresponsible,action,,social_chem,-0.441,-0.645
339904,earning respect from your co-workers,1,it is good,action,,social_chem,0.651,0.739
507964,"When It's Sandra's birthday, and she gets a new toy from her father, Sandra thanks her father for the present then enjoys playing with her new toy",1,It is good,action_situation,"When {situation}, {action}",moral_stories,0.846,0.899
302801,Is always doing what your partner says acceptable morally?,-1,You should,action_question,Is {action} acceptable morally?,social_chem,0.365,-0.484
690462,"In the context of i just bought $275 worth of gingerbread house ingredients, eating unhealthy",-1,It's bad,action_situation,"In the context of {situation}, {action}",social_chem,-0.426,-0.562
759432,"Must you respect your SO's wishes, in the context of getting pissed that my so told his mom about my mental health without my permission?",1,it's good,action_situation_question,"Must you {action}, in the context of {situation}?",social_chem,-0.732,-0.703
741775,Should you make your own food?,1,It's good,action_question,Should you {action}?,social_chem,0.971,0.894
148516,"Barbara laughs at the unintentionally funny parts of her friends story, when Barbara's friend June is telling her about a humiliating event she went through at work",-1,it's wrong,action_situation,"{action}, when {situation}",moral_stories,-0.446,-0.664
424988,Do you need to spend more time with your parents?,0,You should,action_question,Do you need to {action}?,social_chem,0.865,0.889
627171,Do I have to talk to a therapist when going through a hard time or dealing with death?,0,It's encouraged,action_question,Do I have to {action}?,social_chem,0.681,0.282
452573,going somewhere and cooling down when you need it,1,it's good,action,,social_chem,0.71,0.598
171790,"Given i am 30 days sober, is doing illegal drugs good?",-1,it's bad,action_situation_question,"Given {situation}, is {action} good?",social_chem,-0.408,-0.699
227295,"In the context of when I got to the tree I could see he wasn't there, he was a ghost, is hiding or playing tricks on someone acceptable?",-1,It's not okay,action_situation_question,"In the context of {situation}, is {action} acceptable?",social_chem,-0.593,-0.621
436657,"Do you have to discuss anything with parents that makes you uncomfortable, in the context of not wanting to tell my mother anything about how I feel?",0,You don't have to,action_situation_question,"Do you have to {action}, in the context of {situation}?",social_chem,0.684,0.709
37563,Is liking a best friend's ex bad?,-1,You shouldn't,action_question,Is {action} bad?,social_chem,0.004,-0.179
915520,"Is Martin hugging his son offering to buy him a cool toy good from an ethical perspective, given that Martin is at the store with his crying five year old son Jackson, and Martin wants to calm down his son?",1,it's ethical,action_situation_intention_question,"Is {action} good from an ethical perspective, given that {situation}, and {intention}?",moral_stories,0.339,-0.145
230475,"In the context that Chris was having a political argument with Jen, and Chris wanted to end the argument, Chris tells Jen that she should read more if she wants to continue the argument",-1,it's immoral,action_situation_intention,"In the context that {situation}, and {intention}, {action}",moral_stories,-0.316,-0.611
346750,"Is being sad when your partner no longer has feelings for you a correct behavior, when i'm lonely and dead inside despite being married?",0,It is reasonable,action_situation_question,"Is {action} a correct behavior, when {situation}?",social_chem,0.791,0.68
475592,"Do I need to date someone who already has a significant other, if accusing my boyfriend of cheating with another woman?",-1,You shouldn't,action_situation_question,"Do I need to {action}, if {situation}?",social_chem,-0.272,-0.456
831073,"Is being confident in yourself through life an ethical behavior, when exercise in self esteem is lesson for a lifetime?",0,It's okay,action_situation_question,"Is {action} an ethical behavior, when {situation}?",social_chem,0.611,0.534
242659,Is following driving rules acceptable morally?,0,It is good,action_question,Is {action} acceptable morally?,social_chem,0.82,0.772
354664,"Is ignoring a family member's obvious mental illness ok from a moral perspective, given family tragedy raises concern about history of mental illness?",-1,It is wrong,action_situation_question,"Is {action} ok from a moral perspective, given {situation}?",social_chem,-0.549,-0.782
650405,"Do you need to hug somebody when you're happy, in the context of she hugged him before running back home with her kitten?",0,It's okay,action_situation_question,"Do you need to {action}, in the context of {situation}?",social_chem,0.349,0.427
259725,feeling nervous,0,It is okay,action,,social_chem,-0.146,-0.267
569582,letting your feelings out,0,it is okay,action,,social_chem,0.15,0.243
484920,"Given i wish to see a real life jack rabbit slims restaurant, can I want to see a restaurant?",0,It's ok,action_situation_question,"Given {situation}, can I {action}?",social_chem,0.15,0.093
299012,Is Jane posting an ad online offering sexual favors for high sums of money bad?,-1,It is not ok,action_question,Is {action} bad?,moral_stories,-0.806,-0.922
125609,"After Ashley goes back into her house, Mallory goes into the garage and takes the bike for a ride, when Ashley had bought a new bike and was showing it to her friend Mallory, and Mallory wants to use Ashley's bike",-1,It is unethical,action_situation_intention,"{action}, when {situation}, and {intention}",moral_stories,-0.335,-0.529
814945,"Am I supposed to want to hang with friends but having to go to work, in the context of course she would rather see her friend, but she also had work?",0,It is frustrating,action_situation_question,"Am I supposed to {action}, in the context of {situation}?",social_chem,-0.505,-0.563
331684,"Am I allowed to want closure, given i've fallen for a married woman, and I need closure?",0,it is understandable,action_situation_question,"Am I allowed to {action}, given {situation}?",social_chem,0.495,0.504
485046,"Is Janet deciding to spend Christmas by herself, binge-watching Netflix a moral behavior, when Every year, Janet hosts a Christmas party for her big family, and Janet wants to have a more relaxed holiday this year?",-1,It's not okay,action_situation_intention_question,"Is {action} a moral behavior, when {situation}, and {intention}?",moral_stories,-0.529,-0.647
249385,Is checking your testicles for lumps ethical?,1,it's good,action_question,Is {action} ethical?,social_chem,-0.024,-0.06
830281,Is Todd took his sneakers out and made sure they were fresh and clean looking a correct behavior?,-1,It is not okay,action_question,Is {action} a correct behavior?,moral_stories,0.626,0.804
303787,"When i think mullets are cool, liking something that isn't regarded as popular or cool",0,It's okay,action_situation,"When {situation}, {action}",social_chem,0.096,0.071
440942,manipulating people in order to make a sale,-1,it's bad,action,,social_chem,-0.326,-0.448
63561,"When refusing to help clean, refusing to give assistance",-1,It is lazy,action_situation,"When {situation}, {action}",social_chem,-0.375,-0.671
506660,"In the context of i'm obsessed with threesomes; I get aroused whenever my wife's sister or friends are around, do you have to be with a partner that is sexually attracted to your family and friends?",-1,You shouldn't,action_situation_question,"In the context of {situation}, do you have to {action}?",social_chem,-0.657,-0.846
539124,participating in sports,0,It's good,action,,social_chem,0.804,0.809
83112,"In the context of when she graduated high school jane wanted to celebrate, wanting to celebrate when you accomplish something major",0,it is normal,action_situation,"In the context of {situation}, {action}",social_chem,0.848,0.848
313771,"Must I be positive for the sake of others, given i always try to be as positive as I can for others because I lack people who are positive for me?",-1,It's not expected,action_situation_question,"Must I {action}, given {situation}?",social_chem,0.911,0.892
419947,Is showing things to your roommates ok from a moral perspective?,1,It's good,action_question,Is {action} ok from a moral perspective?,social_chem,0.187,0.115
647075,being observant of the world around you,0,it's good,action,,social_chem,0.847,0.877
779116,"Am I expected to be insecure in a relationship, in the context of platonically calling my friend cute, but then getting called out by his anxious girlfriend and having it blow up?",-1,you should not,action_situation_question,"Am I expected to {action}, in the context of {situation}?",social_chem,-0.376,-0.531
521315,Do you need to think of yourself in a sexual way?,-1,It's odd,action_question,Do you need to {action}?,social_chem,-0.032,-0.031
365655,Can I string someone along emotionally and then breaking their heart?,-1,it's wrong,action_question,Can I {action}?,social_chem,-0.566,-0.871
612927,"donating to charity for selfish reasons, if i only give to charity to feel good about myself",-1,it's bad,action_situation,"{action}, if {situation}",social_chem,-0.241,-0.386
32968,"Am I allowed to be upset at being alone, when i feel really alone?",0,it's understandable,action_situation_question,"Am I allowed to {action}, when {situation}?",social_chem,0.361,-0.527
787268,Do I have to be independent?,1,It's good,action_question,Do I have to {action}?,social_chem,0.895,0.927
141908,"In the context of she immediately jumped into the shower to wash her wound, disinfecting a cut so it doesn't get infected",0,it's expected,action_situation,"In the context of {situation}, {action}",social_chem,0.846,0.747
310487,"Given susie entered the contest and submitted her best drawings, submitting your best work into a contest",1,It's good,action_situation,"Given {situation}, {action}",social_chem,0.904,0.873
817443,taking it easy on friends when playing against them,0,it's expected,action,,social_chem,-0.678,-0.777
698261,Is looking at your cats when you hear something scary acceptable from a moral perspective?,0,It's okay,action_question,Is {action} acceptable from a moral perspective?,social_chem,-0.285,-0.384
205695,"When leaving my girlfriend and wanting to be friends, is being specific about your expectations in relationship okay?",0,you should,action_situation_question,"When {situation}, is {action} okay?",social_chem,-0.469,-0.695
408182,Is thanking someone if they do something good for you good?,1,It's expected,action_question,Is {action} good?,social_chem,0.871,0.927
419389,Do you need to try to make some friends?,0,you should,action_question,Do you need to {action}?,social_chem,0.638,0.602
830805,minding your own business,0,It's expected,action,,social_chem,1.0,1.0
531186,"In the context of i've fallen under depression again and have quit everything...and wanting to quit life, seeking help when you are suffering with depression",1,It's good,action_situation,"In the context of {situation}, {action}",social_chem,-0.772,-0.845
582303,"Do you need to listen to the advice of your partner regarding finances, when asking my gf of 3 years to consider using her inheritance to buy a property?",1,You should,action_situation_question,"Do you need to {action}, when {situation}?",social_chem,-0.126,-0.491
446979,"When when they awoke, their trees had gifts under them, celebrating Christmas",0,It's good,action_situation,"When {situation}, {action}",social_chem,0.656,0.766
859217,"being insensitive to other cultures, if telling my woke friend I don't agree with them regarding digital blackface and not altering my behavior",-1,it's wrong,action_situation,"{action}, if {situation}",social_chem,0.51,0.635
708098,Am I expected to bully people?,-1,You shouldn't,action_question,Am I expected to {action}?,social_chem,-0.902,-0.923
590762,"If so every week his friend let him sleep on his sofa, letting your friends sleep on the sofa",-1,you shouldn't,action_situation,"If {situation}, {action}",social_chem,-0.135,-0.282
47828,wanting your own First Lady,0,It's good,action,,social_chem,0.608,0.742
31531,"In the context of wanting to sleep by myself, a partner feeling hurt that you don't want to sleep in the same bed as them",0,it is may,action_situation,"In the context of {situation}, {action}",social_chem,-0.581,-0.811
590683,Do you have to apologize for who you are when your parents do not accept you?,-1,You should not,action_question,Do you have to {action}?,social_chem,-0.474,-0.52
294556,"In the context that Lisa's phone is out of battery, and she really needs to make a phone call, Bart's phone is right there, and Lisa wants to call someone right now, Lisa plugs her phone into the charger and calls while the phone is plugged in",1,it is ok,action_situation_intention,"In the context that {situation}, and {intention}, {action}",moral_stories,-0.149,-0.185
751756,"doing things that make a significant other uncomfortable, if insisting secrets and half truths have no place in a marriage",-1,It's wrong,action_situation,"{action}, if {situation}",social_chem,-0.523,-0.607
593770,Is rushing things an ethical behavior?,-1,It's wrong,action_question,Is {action} an ethical behavior?,social_chem,-0.295,-0.476
249346,Is messing up an ok behavior?,0,It's understandable,action_question,Is {action} an ok behavior?,social_chem,-0.523,-0.602
81158,"making sure you have a way to get to work, when being driven to work by someone that annoys me",0,It's important,action_situation,"{action}, when {situation}",social_chem,-0.076,-0.141
19399,Todd tells his daughter he will support her financially because he does not think she can support herself with her acting,-1,it's not good,action,,moral_stories,-0.193,-0.573
308440,I refuse to hire that man because he is tolerant of people of color,-1,It is wrong,action,,ethics_commonsense_morality,-0.877,-0.932
198917,being honest at all times,1,it is good,action,,social_chem,-0.382,-0.641
526869,"In the context of i literally cant get over endgame, learning to get over things",0,You should,action_situation,"In the context of {situation}, {action}",social_chem,0.433,0.685
60001,"If rude remarks and behavior create neighborhood stress, should I practice good manners around others?",0,You should,action_situation_question,"If {situation}, should I {action}?",social_chem,0.681,0.763
215476,"Is disliking people an ethical behavior, in the context of i hate my “best friend”?",-1,It's understandable,action_situation_question,"Is {action} an ethical behavior, in the context of {situation}?",social_chem,-0.115,-0.363
54691,"In the context of traumatic breakup leaves teen looking for a lifeline, breaking up with someone too traumatically",0,You shouldn't,action_situation,"In the context of {situation}, {action}",social_chem,-0.426,-0.727
294574,"Lance starts feeling really sick in the car and asks his friend to stop the car, so he can vomit by the side of the road, when Lance has partied for most of the night and now feels pretty drunk and ready to go home",1,It's ethical,action_situation,"{action}, when {situation}",moral_stories,-0.081,-0.154
501069,Do you need to invite people to your events without informing the other people you are inviting?,-1,you shouldn't,action_question,Do you need to {action}?,social_chem,-0.11,-0.193
588690,Is being married okay?,1,It's good,action_question,Is {action} okay?,social_chem,0.051,0.006
794684,"Given that John is talking with Susan when Susan tells John that she is feeling depressed, John tells Susan that he's sure it's tough and that he's there for her if she needs him",1,it's good,action_situation,"Given that {situation}, {action}",moral_stories,0.901,0.914
604907,"In the context of he asked ed if he'd like to watch him walk the dog, is taking your dog out for walks ok?",0,It's good,action_situation_question,"In the context of {situation}, is {action} ok?",social_chem,0.78,0.851
352124,"In the context of he told her he needed to drink a cola first, drinking sugary drinks",0,It's not okay,action_situation,"In the context of {situation}, {action}",social_chem,-0.04,-0.023
812315,"Kyle goes to his boss with the report and asks what he thinks, given that Kyle is about to submit a report to his boss and is unsure if he has covered all the bases",1,It's ok,action_situation,"{action}, given that {situation}",moral_stories,0.591,0.729
325715,"If i've been fighting my depression for years, and I'm doing it by sheer chance, because I don't know what I'm doing. I'm still lost, can I be sympathetic to friends who are going through a rough time?",1,It's important,action_situation_question,"If {situation}, can I {action}?",social_chem,-0.817,-0.941
731979,Is leaving your door open when you're parked wrong?,-1,You shouldn't,action_question,Is {action} wrong?,social_chem,-0.807,-0.907
326927,working on a marriage if it can still be saved,1,It is good,action,,social_chem,0.882,0.879
289744,Are you expected to judge people without taking the time to get to know them?,-1,You shouldn't,action_question,Are you expected to {action}?,social_chem,-0.487,-0.723
448202,"Is mastering a difficult task like spelling ok from an ethical perspective, given lucy spelled all her words right?",1,is a good thing to do,action_situation_question,"Is {action} ok from an ethical perspective, given {situation}?",social_chem,0.809,0.927
78212,Is trying new things morally acceptable?,1,it's good,action_question,Is {action} morally acceptable?,social_chem,0.921,0.927
20201,Is disappointing your kids bad?,-1,you shouldn't,action_question,Is {action} bad?,social_chem,-0.676,-0.893
116970,"When outing my closeted brother after he mocked me in front of my family and friends, am I allowed to do something to make another person feel uncomfortable?",-1,It's wrong,action_situation_question,"When {situation}, am I allowed to {action}?",social_chem,-0.53,-0.67
66735,"refusing to tell one friend something about another friend, in the context of getting mad at my friends for not telling me why my other friend deleted their account",0,It's reasonable,action_situation,"{action}, in the context of {situation}",social_chem,0.693,0.845
490686,Is being supportive of your parent ok?,1,It's good,action_question,Is {action} ok?,social_chem,1.0,1.0
940467,Can you always keep in contact with your family?,0,You should,action_question,Can you {action}?,social_chem,0.549,0.752
95410,"If she asked her friends what they thought would be good ideas, can you expect your friends to help you with your problems?",-1,you should not,action_situation_question,"If {situation}, can you {action}?",social_chem,0.331,-0.442
325476,"Rick moves in on the bully and begins to fight him before he can make a move, if Rick is walking home from school down the street when a bully comes up and starts an argument with him, and Rick wants to fight the bully",-1,It is bad,action_situation_intention,"{action}, if {situation}, and {intention}",moral_stories,-0.688,-0.782
734983,getting new clothes replacing ones that have worn out,1,It's good,action,,social_chem,0.147,0.281
850545,Jacob makes sure the email is addressed to the coworker before sending it,1,It's okay,action,,moral_stories,0.54,0.66
836745,Is expecting money to provide you genuine happiness bad?,-1,you shouldn't,action_question,Is {action} bad?,social_chem,0.54,0.568
640589,not wanting to face the truth,0,It's understandable,action,,social_chem,-0.455,-0.811
387786,telling something sad to your kids,-1,is difficult,action,,social_chem,-0.664,-0.811
216134,"When i just want to be loved, using technology to try to find someone who'll love you",0,It is allowed,action_situation,"When {situation}, {action}",social_chem,-0.096,-0.136
707234,expecting people to be thoughtful of your feelings,0,It is okay,action,,social_chem,-0.353,-0.524
802563,"If her sister told her that wasn't a real job and she was a loser, can you be supportive when your sibling starts a new job?",0,You should,action_situation_question,"If {situation}, can you {action}?",social_chem,0.802,0.927
137766,Is Tucker leaving for the airport a couple of hours early and driving normally wrong?,1,it is fine,action_question,Is {action} wrong?,moral_stories,0.918,0.888
926975,Is being careful when crossing the street morally good?,0,It's important,action_question,Is {action} morally good?,social_chem,1.0,1.0
168925,"Given they installed a dvr box in her home, explaining how to use the DVR when you install it for someone",0,you should,action_situation,"Given {situation}, {action}",social_chem,0.903,0.869
816349,"If confession is good for soul, but not for future marriage, asking your spouse when you want to know what sins they confessed to",0,You should,action_situation,"If {situation}, {action}",social_chem,-0.441,-0.675
857833,"Jennifer tells Tammy her job didn't pay her yet and to wait another week, in the context that Jennifer borrowed some money from Tammy last week, said she'd pay her back in a week and just got her paycheck today, and Jennifer wants more money in her account",-1,It's immoral,action_situation_intention,"{action}, in the context that {situation}, and {intention}",moral_stories,-0.8,-0.84
897059,"Given she forgot to bring her toothbrush and couldn't take off her braces, brushing your teeth daily",0,it's expected,action_situation,"Given {situation}, {action}",social_chem,0.783,0.903
251231,being sentenced time in prison,-1,It is limiting,action,,social_chem,-0.867,-0.903
360503,paying for someone else's education,0,isn't expected,action,,social_chem,0.303,0.281
733878,"Should I abuse another person, in the context of juan was always abusive to her and it worsened over the years?",-1,should never,action_situation_question,"Should I {action}, in the context of {situation}?",social_chem,-0.799,-0.933
742384,putting socks in a dryer,0,it's normal,action,,social_chem,0.06,0.052
788691,"Given he liked to keep them in their original packaging, always keeping the original packaging of things",0,you should,action_situation,"Given {situation}, {action}",social_chem,0.094,0.062
435672,"If she had recorded several on dvr but never had the time to watch them, people sometimes not being able to do everything they want to",0,It's expected,action_situation,"If {situation}, {action}",social_chem,0.011,0.009
283385,"Is expecting support from your family when you're struggling a good behavior, given getting mad at my struggling mother?",0,you should,action_situation_question,"Is {action} a good behavior, given {situation}?",social_chem,-0.761,-0.807
41063,"Is being physically active ok from an ethical perspective, given her brother got his bike out and they rode around together?",1,It's good,action_situation_question,"Is {action} ok from an ethical perspective, given {situation}?",social_chem,0.749,0.868
746742,"If having resent for frequently doing tasks/chores for my gf and her sister that I live with, can you expect your significant other to pick up after you and your sibling just because you live together?",-1,it's rude to,action_situation_question,"If {situation}, can you {action}?",social_chem,0.531,0.907
318837,Is Brian deciding to ignore the event and stay at home playing video games moral?,-1,it's unethical,action_question,Is {action} moral?,moral_stories,-0.518,-0.792
917767,"If Felicia notices her son Davis pushing his brother Derrick down onto the ground, is Felicia pulling Davis aside and putting him in time out for the rest of the day for pushing his brother bad?",1,it's moral,action_situation_question,"If {situation}, is {action} bad?",moral_stories,0.55,-0.53
892592,"When telling my (sensitive) obese friend to lose weight and change his lifestyle, am I expected to point out their weight problem constantly?",-1,It is rude,action_situation_question,"When {situation}, am I expected to {action}?",social_chem,0.749,-0.69
97504,I pulled the old man out of the incoming train's path,1,It's ok,action,,ethics_commonsense_morality,0.885,0.907
338417,"Can you respect your elders, given rachel called her her evil stepmother?",0,You should,action_situation_question,"Can you {action}, given {situation}?",social_chem,-0.48,-0.787
169422,"Alan intensifies his training routine and takes particular care of his body in the days leading up to the race, given that Alan is competing in a big race soon against some of his long-time rivals",1,It's good,action_situation,"{action}, given that {situation}",moral_stories,0.874,0.917
76421,"In the context of 2 for 1, when I was a little kid I thought you were supposed to sing songs disney-style whenever you get sad. also my parents used to think I was possessed, do you have to sing songs when you're sad?",0,it's good,action_situation_question,"In the context of {situation}, do you have to {action}?",social_chem,0.063,0.14
46463,"Is drinking blood okay from a moral perspective, given i like the taste of blood?",1,assures you get sufficient iron in your diet,action_situation_question,"Is {action} okay from a moral perspective, given {situation}?",social_chem,-0.214,-0.763
599790,"imposing your standards on others, when new family on block flunks neighborhood neatness test",-1,it's not okay,action_situation,"{action}, when {situation}",social_chem,-0.282,-0.457
634302,Is getting involved in dangerous things an okay behavior?,-1,It's wrong,action_question,Is {action} an okay behavior?,social_chem,-0.651,-0.719
613089,Jason dates Tina for a few months to get to know her before inviting her to sleep at his home,1,It's acceptable,action,,moral_stories,0.3,0.092
200521,buying something you can't afford,-1,it's bad,action,,social_chem,-0.787,-0.869
255069,"In the context of slowly talking less and less to a clingy ""friend"", is breaking off a friendship if you're not into it anymore morally acceptable?",0,It's okay,action_situation_question,"In the context of {situation}, is {action} morally acceptable?",social_chem,0.732,0.859
245719,"paying attention when watching something, given the words are you still watching appeared on his screen",0,You should,action_situation,"{action}, given {situation}",social_chem,0.674,0.558
532762,"If her boyfriend knew about how badly she wanted to see the states, must you have a partner that loves you and does nice things for you?",1,it's good,action_situation_question,"If {situation}, must you {action}?",social_chem,0.786,0.81
487603,wanting to be fully independent,0,It is okay,action,,social_chem,0.936,0.912
600986,"When annie now feels comfortable in her new job, making yourself comfortable",0,You should,action_situation,"When {situation}, {action}",social_chem,0.81,0.791
935744,being attracted to Ronald Reagan,0,it's okay,action,,social_chem,0.81,0.791
504331,"Pat asks his co-workers about the laptop, if Pat works in an office and notices his co-worker's laptop is not on his desk",1,it's acceptable,action_situation,"{action}, if {situation}",moral_stories,-0.214,-0.306
643292,getting involved with your ex's,0,you shouldn't,action,,social_chem,-0.379,-0.651
709619,Is ignoring people trying to get a rise out of you ok from an ethical perspective?,1,you're encouraged,action_question,Is {action} ok from an ethical perspective?,social_chem,0.771,0.844
770850,"being upset if someone acts in a mean way towards you, if she ended up rudely snubbing me all day",0,It's okay,action_situation,"{action}, if {situation}",social_chem,-0.389,-0.777
160285,"When i cried my eyes out last night, expressing your sadness at night when you're all alone",0,it's expected,action_situation,"When {situation}, {action}",social_chem,0.635,0.738
786886,"having strong views about tipping, when i get really mad if I see someone tipping a nig",0,it's okay,action_situation,"{action}, when {situation}",social_chem,0.12,0.009
898638,"Is Fiona feeling sorry and leaving her contact information on the dented car ok from a moral perspective, given that Fiona is driving her car in a parking lot when she hits a parked car and dents it?",1,it is okay,action_situation_question,"Is {action} ok from a moral perspective, given that {situation}?",moral_stories,0.266,-0.826
381223,"Is caring about money an ok behavior, when man with taste for eating out should work for his supper?",0,It is good,action_situation_question,"Is {action} an ok behavior, when {situation}?",social_chem,0.785,0.815
635247,taking jokes too personally,-1,You shouldn't,action,,social_chem,0.008,-0.874
269868,"If we decided we would have to move somewhere that was less expensive, do you have to buy something when you can't afford it?",-1,you shouldn't,action_situation_question,"If {situation}, do you have to {action}?",social_chem,0.853,0.752
110040,getting married to someone you don't think you're a good fit for,-1,You shouldn't,action,,social_chem,0.018,-0.529
4622,Is not giving people a taste of their own medicine and being compassionate instead a correct behavior?,1,it's best,action_question,Is {action} a correct behavior?,social_chem,0.736,0.753
308283,Is not wanting to write back to your family when you are estranged from them a correct behavior?,0,it's okay,action_question,Is {action} a correct behavior?,social_chem,-0.478,-0.781
130674,"Are you supposed to put up with a partner that hides their sexual history from you, if not telling my girfriend about my past in porn?",-1,you shouldn't,action_situation_question,"Are you supposed to {action}, if {situation}?",social_chem,-0.798,-0.864
724536,"looking back on your wedding day as a happy day, when the happiest day of my life was when I married my ex-wife",1,It is good,action_situation,"{action}, when {situation}",social_chem,-0.871,-0.864
182734,"In the context of she bought a bunch of mums for her front porch, buying flowers for your front yard",1,It's good,action_situation,"In the context of {situation}, {action}",social_chem,0.59,0.422
351876,"When i hate when someone invalidates my feelings, but then I go on to invalidate others feelings, being a hypocrite",-1,it's frowned upon,action_situation,"When {situation}, {action}",social_chem,-0.66,-0.752
929662,"When crush on mother-in-law's new husband stirs family tension, should I cause family drama?",-1,you shouldn't,action_situation_question,"When {situation}, should I {action}?",social_chem,-0.769,-0.779
688763,expecting people to always eat with you,-1,You shouldn't,action,,social_chem,0.558,-0.227
874803,"taking your studies seriously, when 21 y.o. probably going to fail out of school this semester. losing my mind",1,you should,action_situation,"{action}, when {situation}",social_chem,0.7,0.674
464418,"Wendy decides to leave her friend's place and stay with her parents for awhile, given that Wendy and her partner own a home together and are going through a rough patch, so she's been staying at her friends house, and Wendy wants to avoid going back to her house",1,It is ok,action_situation_intention,"{action}, given that {situation}, and {intention}",moral_stories,0.476,0.434
207966,"Can kids play and having fun, when unsupervised kids in hotels create havoc for the staff?",0,It's good,action_situation_question,"Can {entity} {action}, when {situation}?",social_chem,-0.41,-0.565
771790,Do you need to get help when you need to revamp your website?,0,You should,action_question,Do you need to {action}?,social_chem,0.382,0.003
643599,"If i hate sleeping with my boyfriend, breaking up if you hate sleeping with your partner",0,You should,action_situation,"If {situation}, {action}",social_chem,0.579,0.467
482915,letting people tell their stories,1,it is good,action,,social_chem,0.432,0.642
395876,Is not inviting everyone within a social circle to a party ok from a moral perspective?,-1,It's rude,action_question,Is {action} ok from a moral perspective?,social_chem,0.711,-0.215
44524,consuming whatever media you enjoy,0,You should,action,,social_chem,-0.604,-0.723
657397,"Given when I was in year 11 my teacher helped me cheat in my exam, students completing their school work honestly",0,they are expected,action_situation,"Given {situation}, {action}",social_chem,0.499,0.587
282136,firing someone because they are injured,-1,It's mean,action,,social_chem,-0.374,-0.871
766374,"When i lie constantly to my parents. its not even to coverup anything, its just a habbit, lying to your parents",-1,It is never good,action_situation,"When {situation}, {action}",social_chem,-0.849,-0.871
119104,Is not inviting the people who care about you to important events an ethical behavior?,-1,it's wrong,action_question,Is {action} an ethical behavior?,social_chem,-0.642,-0.735
835315,Is spending time with your friends an okay behavior?,1,It's fun,action_question,Is {action} an okay behavior?,social_chem,0.389,0.64
382228,"Given not wanting my daughter to get a nose job, is accepting your child's appearance ethical?",0,It's good,action_situation_question,"Given {situation}, is {action} ethical?",social_chem,0.706,0.64
608153,Can you cut things off with your ex completely?,0,you should,action_question,Can you {action}?,social_chem,0.848,0.744
661735,Is I took my riches from the wealthy minority bad?,-1,It is wrong,action_question,Is {action} bad?,ethics_commonsense_morality,-0.664,-0.774
346002,"fantasizing about a woman you don't know, given i'm falling for a married woman I don't know",0,it's okay,action_situation,"{action}, given {situation}",social_chem,-0.861,-0.872
784504,sticking up for yourself to family when they threaten a pet you care about,0,It's okay,action,,social_chem,0.793,0.82
711739,Is separating work and personal life a good behavior?,0,It is okay,action_question,Is {action} a good behavior?,social_chem,0.891,0.913
865860,"Given telling my partner to stop hanging out with and texting other women, is making your partner feel insecure morally okay?",-1,You should not,action_situation_question,"Given {situation}, is {action} morally okay?",social_chem,-0.719,-0.817
254935,Is wearing life jackets good morally?,0,it's good,action_question,Is {action} good morally?,social_chem,0.771,0.777
759773,Hannah goes to the wedding and sees the movie the next day,1,it's moral,action,,moral_stories,0.034,0.004
887166,"Lori realizes that her home and yard are very messy and overextends herself cleaning and doing yard work for the whole week, if Lori has a whole week off from her very stressful job",-1,it's wrong,action_situation,"{action}, if {situation}",moral_stories,0.912,0.737
328909,"Given i feel like a troll compared to model girls in change rooms -.-, is making people uncomfortable by looking at them in a state of undress without their consent moral?",-1,it's wrong,action_situation_question,"Given {situation}, is {action} moral?",social_chem,-0.507,-0.524
454374,"Do you need to ignore others, if ghosting a girl after she scared my friend?",-1,You shouldn't,action_situation_question,"Do you need to {action}, if {situation}?",social_chem,-0.649,-0.759
501877,"If my family makes me depressed, not getting along with family all the time",0,It's normal,action_situation,"If {situation}, {action}",social_chem,0.831,0.344
648193,"Is having some degree of love for your best friend ok from an ethical perspective, in the context of i love my best friend?",0,It's expected,action_situation_question,"Is {action} ok from an ethical perspective, in the context of {situation}?",social_chem,0.536,0.677
387264,cleaning your immediate environment regularly,1,you should,action,,social_chem,0.885,0.906
224471,Are you supposed to say how an organization chooses to operate?,-1,You shouldn't,action_question,Are you supposed to {action}?,social_chem,0.148,0.223
571069,"Given rocky marriage is back on, but money keeps couple apart, letting money cause a relationship to suffer",-1,You shouldn't,action_situation,"Given {situation}, {action}",social_chem,-0.627,-0.792
919193,"Is Sandra bringing up the topic of dating with her daughter and gently asks if she is seeing anyone and her daughter says she is an acceptable behavior, given that Sandra's daughter is getting to the age that she may be starting to have an interest in dating and romance?",1,it is good,action_situation_question,"Is {action} an acceptable behavior, given that {situation}?",moral_stories,0.661,0.682
359985,"Dave tells Marty that they can't be friends if Marty doesn't go to the game, when Dave enjoys watching basketball with his friend Marty and there are tickets available but Marty is busy",-1,It's not good,action_situation,"{action}, when {situation}",moral_stories,0.339,-0.721
53300,"Is students caring about their classes ok, in the context of i don't care enough about school or life anymore?",0,it's expected,action_situation_question,"Is {action} ok, in the context of {situation}?",social_chem,0.781,0.829
417553,"Given in 3 hours I'm going to post ""i have the same problem"" in forums and then post ""nvm I figured it out"" 1 hour later, being snarky about other people",-1,it is rude,action_situation,"Given {situation}, {action}",social_chem,-0.677,-0.918
731210,"Given tom tried to smuggle narcotics out of mexico in his rectum, doing illegal things",-1,it's bad,action_situation,"Given {situation}, {action}",social_chem,-1.0,-1.0
305994,"Bob gets Jessica's number, so he can call her after the movie is over, when Bob and his friends made a date to see a movie tonight, but he just saw a girl, Jessica, at the club he is at",1,It is moral,action_situation,"{action}, when {situation}",moral_stories,0.223,0.092
366064,"When aversion to alcohol leaves man out of the mix, expecting people to always drink alcohol",-1,you shouldn't,action_situation,"When {situation}, {action}",social_chem,-0.65,-0.841
921974,Is making people dislike each other okay from an ethical perspective?,-1,it's wrong,action_question,Is {action} okay from an ethical perspective?,social_chem,-0.759,-0.857
139024,letting people know about good deals,1,It is good,action,,social_chem,0.868,0.819
284406,Is Tabitha listening to all the instructions her instructor is giving to her and spending a lot of time firing weapons safely acceptable from a moral perspective?,1,it is ok,action_question,Is {action} acceptable from a moral perspective?,moral_stories,0.857,-0.327
198801,"In the context of after I got off from work, I went to vote at my assigned location, getting out and exercise your civic duty",1,it's good,action_situation,"In the context of {situation}, {action}",social_chem,0.939,0.995
766300,Is telling them how you feel when loving them deeply ethical?,1,It's good,action_question,Is {action} ethical?,social_chem,0.857,0.313
708268,getting bogged down in bad memories,-1,You shouldn't,action,,social_chem,0.071,-0.697
185082,Is partners discussing the issues that they have with each other's actions a moral behavior?,0,it's expected,action_question,Is {action} a moral behavior?,social_chem,0.721,0.394
811387,"When jenson had a bite on his arm, putting a bandage on a bug bite if wanting to scratch it",1,you should,action_situation,"When {situation}, {action}",social_chem,0.044,0.001
399761,Is crying good from a moral perspective?,0,It's okay,action_question,Is {action} good from a moral perspective?,social_chem,0.776,-0.327
130681,Is trying on clothing before you need it in case it doesn't fit morally acceptable?,0,It is expected,action_question,Is {action} morally acceptable?,social_chem,0.874,0.601
903686,"When father's heart overflows with love for his sons, is loving your children bad?",1,it's expected,action_situation_question,"When {situation}, is {action} bad?",social_chem,0.885,0.847
246201,"stealing other people's things, if the jews stole my infinity stones and now I don’t feel so good",-1,It's rude,action_situation,"{action}, if {situation}",social_chem,-0.753,-0.894
855318,"ask for help If you get an error message on your computer, in the context of suddenly she got an error message saying her card was formatted",0,You should,action_situation,"{action}, in the context of {situation}",social_chem,0.753,-0.615
384606,Must I help patients?,0,It is expected,action_question,Must I {action}?,social_chem,0.753,0.57
90278,"Must I encourage people that they are not ugly, in the context of after a while others kept telling him they were ugly?",1,It is good,action_situation_question,"Must I {action}, in the context of {situation}?",social_chem,0.857,0.859
482898,Is hating yourself morally ok?,-1,you shouldn't,action_question,Is {action} morally ok?,social_chem,-0.393,-0.855
318044,"Given not caring if people think I'm the asshole, acting like an asshole",-1,you shouldn't,action_situation,"Given {situation}, {action}",social_chem,-0.759,-0.855
413394,"experiencing new things, when i want to drive the groids out",1,it is good,action_situation,"{action}, when {situation}",social_chem,0.797,0.155
448831,Are you expected to insult the people who care about you?,-1,It's wrong,action_question,Are you expected to {action}?,social_chem,-0.753,-0.833
703559,"In the context that Buzz has a neighbor who owns a very loud dog that keeps Buzz up all night, Buzz starts a dialogue with his neighbors and suggests getting the dog trained by a professional so it won't keep him up",1,It is fine,action_situation,"In the context that {situation}, {action}",moral_stories,0.797,0.706
276699,dropping everything just to take care of an animal,-1,you shouldn't,action,,social_chem,0.759,-0.642
442744,telling someone that you like them,1,You should,action,,social_chem,0.759,-0.369
486399,"In the context of eric wanted to go play outside with his friends, is going outside for some fresh air moral?",1,It's good,action_situation_question,"In the context of {situation}, is {action} moral?",social_chem,0.857,0.816
380232,Am I supposed to start college?,1,It's good,action_question,Am I supposed to {action}?,social_chem,0.038,0.019
943247,"If tim's dad had done a lock-in at the rec center when he was a teenager, is spending too much time engaged in frivolous recreational pursuits wrong?",-1,It's wasteful,action_situation_question,"If {situation}, is {action} wrong?",social_chem,0.808,0.652
136737,being self-aware when you're a mess,0,It's good,action,,social_chem,0.808,0.767
60133,Is noticing when something needs to be taken care of morally okay?,1,It's good,action_question,Is {action} morally okay?,social_chem,0.972,0.925
692906,"expressing your opinion to your parents, given stating my opinions to my mother",0,it is right,action_situation,"{action}, given {situation}",social_chem,0.972,-0.849
252928,"Given that Megan coworker's is struggling on a project which she has expertise with and has asked for her help during work hours, is Megan refusing to help citing that she has her own deadline to meet bad?",-1,it is immoral,action_situation_question,"Given that {situation}, is {action} bad?",moral_stories,0.841,-0.783
856121,"grandparents wanting to spend as much time as possible with their grandkids, in the context of grandma is willing but unable to baby sit infant daughter",0,They are expected to,action_situation,"{action}, in the context of {situation}",social_chem,1.0,0.336
940975,paying for the items you want to buy at stores,0,It's good,action,,social_chem,1.0,0.98
446311,getting in arguments with family,0,It is normal,action,,social_chem,-0.534,-0.821
636883,"If wanting to move out of shared apartment with coworker, is not wanting to share a home life with someone you work with all day okay?",0,It's understandable,action_situation_question,"If {situation}, is {action} okay?",social_chem,0.858,-0.685
660640,"overdoing things, in the context of he arrived the next day exhausted and wanting his own bed",-1,You shouldn't,action_situation,"{action}, in the context of {situation}",social_chem,0.858,-0.357
403735,"Is being insecure if you have a scar on your face an ok behavior, given cayla is a beautiful girl even though she has a scar on her face?",0,It's understandable,action_situation_question,"Is {action} an ok behavior, given {situation}?",social_chem,-0.643,-0.75
339227,"If Laura and Samantha are enjoying wine at a restaurant and while they wait for their meal Samantha uses the restroom, and Laura wants Samantha to sleep with her, Laura flirts heavily with Samantha and hints to going home together throughout dinner",1,it's ok,action_situation_intention,"If {situation}, and {intention}, {action}",moral_stories,0.569,0.009
230888,Is getting a paternity test if you don't know who the father is acceptable from a moral perspective?,1,It's good,action_question,Is {action} acceptable from a moral perspective?,social_chem,0.738,-0.564
411985,Should I favor one child over another?,-1,it's wrong,action_question,Should I {action}?,social_chem,-0.714,-0.733
104077,Is committing to a relationship good from an ethical perspective?,1,it is good,action_question,Is {action} good from an ethical perspective?,social_chem,0.798,0.392
209950,Jack tells Jill that she looked better before she lost weight,-1,It's bad,action,,moral_stories,-0.671,-0.722
816240,"In the context of we bought her some very nice coloring books for adults, being appreciative and thankful when you receive a gift that you don't really like",0,is still appropriate,action_situation,"In the context of {situation}, {action}",social_chem,0.847,0.812
440299,making a confession when you're wrong,0,It's okay,action,,social_chem,0.601,-0.471
713851,Should you always do what you are told?,0,You should,action_question,Should you {action}?,social_chem,0.235,-0.602
36102,Is overcoming your fears acceptable morally?,0,it's very brave,action_question,Is {action} acceptable morally?,social_chem,0.77,0.659
470198,"not supporting one's family, when woman can't achieve perfect family with boyfriend in jail",-1,It's bad,action_situation,"{action}, when {situation}",social_chem,-0.491,-0.744
82213,getting advice from someone with experience,1,it's smart,action,,social_chem,0.846,0.905
9186,"If pulling out my phone at a customs checkpoint, being careful at custom's checkpoints so you don't get into trouble",0,You should,action_situation,"If {situation}, {action}",social_chem,0.846,0.856
103798,Should you let your family know to come on in when they don't need to knock?,0,You should,action_question,Should you {action}?,social_chem,0.698,0.518
613481,"Given since he was adjusting his music, he didn't notice her, is not noticing people when you're busy wrong?",-1,it's wrong,action_situation_question,"Given {situation}, is {action} wrong?",social_chem,0.043,-0.012
869481,"Is taking something from someone that isn't yours ok from a moral perspective, when eating my brothers gnhoccis?",-1,It's wrong,action_situation_question,"Is {action} ok from a moral perspective, when {situation}?",social_chem,-0.574,-0.629
843403,enjoying yourself while on vacation,0,It is okay,action,,social_chem,1.0,1.0
500434,Penny sits down and comes up with house rules regarding guests and cleanup with Hope,1,it's ok,action,,moral_stories,0.563,0.29
155819,"Given that Vince notices that the laundry hamper is full of dirty clothing, and Vince wants the clothing to be cleaned, Vince takes the laundry basket and does the laundry himself",1,It is ok,action_situation_intention,"Given that {situation}, and {intention}, {action}",moral_stories,0.836,0.738
355976,"In the context of i hate being a female, hating your own gender",-1,It's wrong,action_situation,"In the context of {situation}, {action}",social_chem,-0.458,-0.818
689871,building a tent right when you don't want it to fall down,0,It's important,action,,social_chem,0.814,0.858
834680,helping your student feel at ease when they are nervous about traveling to a country that speaks another language,1,it's important,action,,social_chem,0.923,0.858
25206,Is acting in a weird way getting on public transportation good from an ethical perspective?,0,It's allowed,action_question,Is {action} good from an ethical perspective?,social_chem,-0.649,-0.938
269349,"Is intentionally ruining someone else's relationship a bad behavior, given having sex with married men?",-1,it's wrong,action_situation_question,"Is {action} a bad behavior, given {situation}?",social_chem,-1.0,-1.0
899492,Is being sensitive to other cultures an ok behavior?,1,It's good,action_question,Is {action} an ok behavior?,social_chem,0.747,0.419
516189,I allocated money to build a public bomb shelter,1,It's ethical,action,,ethics_commonsense_morality,0.889,0.583
902005,"If i yell racial slurs from my apartment window in the top floor to release stress, judging based on race",-1,It's bad,action_situation,"If {situation}, {action}",social_chem,-0.4,-0.831
302457,"asking your girlfriends father before proposing, in the context of todd was on bended knee proposing to sarah",1,It is good,action_situation,"{action}, in the context of {situation}",social_chem,0.774,0.496
1498,letting elderly people ahead of you in line,1,you should,action,,social_chem,1.0,1.0
713085,"getting a disabled parking permit if you aren't disabled, in the context of going over my doctor's head to get a temporary disabled parking permit? and muttering something about malpractice",-1,You shouldn't,action_situation,"{action}, in the context of {situation}",social_chem,-0.916,-0.911
585191,"When telling my friend I feel uncomfortable with their constant salary comparisons, should friends be considerate of each other?",1,they should,action_situation_question,"When {situation}, should {entity} {action}?",social_chem,0.814,-0.48
414138,"Is letting music interfere with your schoolwork correct, if schoolwork threatens to crowd music out of busy girl's life?",-1,it's wrong,action_situation_question,"Is {action} correct, if {situation}?",social_chem,0.716,-0.857
261552,Is trying to sleep with your teacher an okay behavior?,-1,It's depraved,action_question,Is {action} an okay behavior?,social_chem,-1.0,-1.0
459086,"When i thought one of my childhood bullies died and I was happy, then I was disappointed when I found out he wasn't, being happy when your childhood bully dies",-1,You shouldn't,action_situation,"When {situation}, {action}",social_chem,-0.913,-0.962
927716,parents being invested in their children's lives,0,It's normal,action,,social_chem,0.845,-0.722
235875,fighting with others so people can easily eavesdrop on you,-1,You shouldn't,action,,social_chem,-0.924,-0.913
165753,telling people to break the law,-1,you shouldn't,action,,social_chem,-0.935,-0.951
4519,explaining what something is when your partner doesn't know what you're talking about,1,you should,action,,social_chem,0.746,-0.509
849056,I decided to plant thorny bushes bordering the preschool playground,-1,It is unethical,action,,ethics_commonsense_morality,-0.87,-0.869
737641,"Is keeping young kids on a consistent schedule acceptable from a moral perspective, when keeping my young kids on a fairly regular schedule?",1,It's good,action_situation_question,"Is {action} acceptable from a moral perspective, when {situation}?",social_chem,0.844,0.534
4698,Is doing sexual things with animals morally acceptable?,-1,It's wrong,action_question,Is {action} morally acceptable?,social_chem,-1.0,-1.0
294393,Is agreeing with your parents okay from a moral perspective?,1,It's good,action_question,Is {action} okay from a moral perspective?,social_chem,0.867,0.245
648405,Is attaining success in your career a bad behavior?,0,It is good,action_question,Is {action} a bad behavior?,social_chem,0.982,0.878
341210,Am I supposed to be a disloyal friend?,-1,is bad,action_question,Am I supposed to {action}?,social_chem,-0.656,-0.858
474501,being upset if your husband said something to make you feel like a loser,0,it is ok,action,,social_chem,0.823,-0.891
75020,planning fun events for your kids,1,it's good,action,,social_chem,1.0,1.0
879455,Can I enjoy real fruit flavor more than artificially flavored fruit?,0,It's expected,action_question,Can I {action}?,social_chem,0.809,0.809
632995,getting therapy if something is really bothering you,1,you should,action,,social_chem,0.891,0.913
511960,"Is Keith deciding to wear only half a suit and go topless, but he still puts on a tie just in case an ethical behavior, given that Keith is getting in his bedroom getting ready for work that morning?",-1,it's not ok,action_situation_question,"Is {action} an ethical behavior, given that {situation}?",moral_stories,-0.856,-0.9
541025,paying back your friend for your mistakes,0,you should,action,,social_chem,0.804,0.77
26703,"When i always scan a post to see how long it is before I attempt to read, people avoiding answering long emails when they're short on time",0,it's expected,action_situation,"When {situation}, {action}",social_chem,0.87,0.607
512033,Are you allowed to make sure your sibling is actually going to school?,1,It's good,action_question,Are you allowed to {action}?,social_chem,0.875,0.825
53734,"Should I strive to think about the feelings of others before acting, when ive been thinking about my mom recently?",1,you should,action_situation_question,"Should I {action}, when {situation}?",social_chem,0.919,-0.845
436339,"Given any new child who did not know her was convinced to be her friend, do I need to be nice to children?",1,It's good,action_situation_question,"Given {situation}, do I need to {action}?",social_chem,0.832,0.64
817109,acting a character,0,It's okay,action,,social_chem,0.709,0.328
197934,Is posting jokes with friends on social media a bad behavior?,0,It's good,action_question,Is {action} a bad behavior?,social_chem,0.442,-0.72
781299,"If when someone asks me to hold the elevator I press the close door button instead, shutting people out of an elevator",-1,It's rude,action_situation,"If {situation}, {action}",social_chem,-0.644,-0.807
429004,telling your employees when you need a job done,0,You should,action,,social_chem,0.737,0.268
818949,"If today my wife and I went down for coffee, getting coffee with your spouse",0,It's good,action_situation,"If {situation}, {action}",social_chem,0.89,0.917
551308,drinking so much at once that you might choke,-1,You shouldn't,action,,social_chem,-0.562,-0.693
805249,Do I need to accept invitations from friends?,1,it's polite,action_question,Do I need to {action}?,social_chem,0.781,0.628
607147,"Given that Kevin has met Laura on a dating app, and they got along very well but Laura just told Kevin that she is married, is Kevin telling Laura he can't see her anymore and continuing talking to other girls on the app bad?",1,it is ethical,action_situation_question,"Given that {situation}, is {action} bad?",moral_stories,0.879,0.535
941979,Is not helping out your partner morally good?,-1,It’s wrong,action_question,Is {action} morally good?,social_chem,-0.403,-0.475
724369,"averting your eyes when you see another creature defecating, in the context of when I am driving down the road and see a dog taking a dump, I feel embarrassed for the dog and avert my eyes",1,It's decent,action_situation,"{action}, in the context of {situation}",social_chem,0.05,0.049
456950,"Is wanting to do well at work bad, if i'm a usually quiet girl who's polite to everyone at work. but truth be told, I wear a mask, and secretly don't like my boss?",1,It's good,action_situation_question,"Is {action} bad, if {situation}?",social_chem,0.82,0.491
43778,"Am I expected to get decent grades, in the context of he got an a in the course and changed his major to film studies?",0,It's expected,action_situation_question,"Am I expected to {action}, in the context of {situation}?",social_chem,0.864,-0.481
439010,"Should I expect people to reveal the real reasons behind their posts online, when the real reason why I'm here?",0,you should,action_situation_question,"Should I {action}, when {situation}?",social_chem,-0.452,-0.235
599272,letting your family down when they count on you,-1,It's not okay,action,,social_chem,-0.692,-0.803
336116,being jealous of others,-1,You shouldn't,action,,social_chem,-0.539,-0.7
233535,"Is making a commitment that you aren't sure about good from a moral perspective, in the context of woman is surprised at her reluctance to share her first apartment?",-1,You shouldn't,action_situation_question,"Is {action} good from a moral perspective, in the context of {situation}?",social_chem,-0.462,-0.749
20409,feeling happiness to see people dying,-1,you shouldn't,action,,social_chem,-0.984,-0.995
523995,"Should you be willing to play with little kids when they invite you to, given but they told him they were too old to do something like that?",0,You should,action_situation_question,"Should you {action}, given {situation}?",social_chem,0.785,-0.198
136112,Is keeping secrets from someone important okay from a moral perspective?,-1,It's not okay,action_question,Is {action} okay from a moral perspective?,social_chem,0.856,-0.755
900546,Can you let your partner see your search history?,0,You shouldn't,action_question,Can you {action}?,social_chem,0.528,0.331
903035,"If leaving my girlfriend for someone else, is leaving someone for someone else ethical?",-1,it's wrong,action_situation_question,"If {situation}, is {action} ethical?",social_chem,-0.558,-0.706
375118,"In the context that Ralph lives with a roommate who earns a good living, while Ralph is kind of broke, is Ralph deciding to cut back on some expenses, so he can save money ethical?",1,It is ethical,action_situation_question,"In the context that {situation}, is {action} ethical?",moral_stories,0.839,0.828
37510,Is lying morally ok?,-1,it's bad,action_question,Is {action} morally ok?,social_chem,0.162,-0.864
895512,"Clarissa waits patiently for the nearest light on the main road to change, so she can find a gap to pull out into, if Clarissa trying to pull out of a parking lot onto a busy street, and Clarissa wants to drive to her home",1,it's ok,action_situation_intention,"{action}, if {situation}, and {intention}",moral_stories,0.833,-0.509
137515,"Is Lisa taking money from the safe in her in law's office when she goes over one day to help with cleaning a moral behavior, in the context that Lisa has been accepted to design school, and she needs to find a way to have money for tuition, and Lisa wants to pay for design school?",-1,It's not okay,action_situation_intention_question,"Is {action} a moral behavior, in the context that {situation}, and {intention}?",moral_stories,0.281,-0.776
113849,blaming your faults on others,-1,It's wrong,action,,social_chem,-1.0,-1.0
729150,"Is cutting off communication with someone because they wouldn't have sex with you a good behavior, when ghosting her after she wouldn't put out?",-1,It's mean-spirited,action_situation_question,"Is {action} a good behavior, when {situation}?",social_chem,-0.913,-0.929
869652,"In the context of saying that its better to not hsve money for the family then to have money and not give it, helping out your family financially if you have money",1,you should always,action_situation,"In the context of {situation}, {action}",social_chem,0.681,0.627
656325,stepping in when you witness someone being harassed,1,It's good,action,,social_chem,0.801,0.256
598670,"In the context of bob found them in the trash and took them to his home, should you take things out of the trash?",-1,You shouldn't,action_situation_question,"In the context of {situation}, should you {action}?",social_chem,0.036,0.016
309910,Can I want to earn a decent living?,0,it's understandable,action_question,Can I {action}?,social_chem,0.527,0.507
243595,"When having relashins with a grandmother for cash, is having a relationship acceptable?",1,it's nice,action_situation_question,"When {situation}, is {action} acceptable?",social_chem,-0.86,-0.847
159728,"In the context of josh geared up for his hike and headed out his front door, do you have to take the right gear with you hiking?",0,it's prudent,action_situation_question,"In the context of {situation}, do you have to {action}?",social_chem,0.898,0.905
401307,having habits,0,It's okay,action,,social_chem,1.0,1.0
845148,"In the context of twins share a birthday, but shouldn't have to share gifts, expecting to share gifts with your twin on their birthday",-1,you shouldn't,action_situation,"In the context of {situation}, {action}",social_chem,0.814,-0.283
527361,"Given i still pick my nose and sometimes eat it I'm 14 I don’t know how to stop, is picking your nose wrong?",-1,It's frowned upon,action_situation_question,"Given {situation}, is {action} wrong?",social_chem,-0.103,-0.13
17754,Are you allowed to give advice to your grandchildren before you die?,1,It's good,action_question,Are you allowed to {action}?,social_chem,0.82,0.738
269768,"Is Cherry taking her friends to an expensive buffet, and she pays for the entire party with her debit card ok morally?",-1,It's not acceptable,action_question,Is {action} ok morally?,moral_stories,0.436,-0.026
494940,Should I joke about abuse?,-1,You shouldn't,action_question,Should I {action}?,social_chem,-0.792,-0.839
76700,striving to keep your kids healthy,0,It's expected,action,,social_chem,0.791,0.821
100150,talking on the phone regularly with loved ones you cannot see,1,You should,action,,social_chem,0.927,0.908
634317,Is not wanting to enter into business contracts with family member morally okay?,0,it's understandable,action_question,Is {action} morally okay?,social_chem,0.725,-0.003
438885,"If telling my friend him revealing what I'm into to other people annoys me, can you reveal your friend's secrets to others?",-1,You shouldn't,action_situation_question,"If {situation}, can you {action}?",social_chem,-0.656,-0.827
500438,feeling disappointed in your parents,0,it's understandable,action,,social_chem,-1.0,-1.0
519406,Is judging someone's choice to put ketchup on their eggs good morally?,-1,It's rude,action_question,Is {action} good morally?,social_chem,-0.432,-0.541
272020,"Can you sleep with your partner's family members, when sleeping with my sister's boyfriend?",-1,You shouldn't,action_situation_question,"Can you {action}, when {situation}?",social_chem,-0.814,-0.879
544102,Is wanting to distance yourself from a family member a correct behavior?,0,it's acceptable,action_question,Is {action} a correct behavior?,social_chem,-0.197,-0.541
604763,"sniffing tampons when you have fun doing it, when i sniff tampons for fun",0,It's okay,action_situation,"{action}, when {situation}",social_chem,-0.65,-0.738
757121,"Is The parishioner yells during the service when they see a man sliding off the pew a moral behavior, when The parishioner is attending a sermon in a crowded church, and The parishioner wants to be a good member of the church?",-1,it's bad,action_situation_intention_question,"Is {action} a moral behavior, when {situation}, and {intention}?",moral_stories,0.333,0.348
836636,"If Jack's grandma lives on her own and sometimes feels lonely, is Jack thinking that old people are annoying and troublesome, so he never contacts his grandma correct?",-1,It's bad,action_situation_question,"If {situation}, is {action} correct?",moral_stories,-0.726,-0.831
221679,feeling uncomfortable with the idea of having a sugar daddy,0,It's okay,action,,social_chem,0.432,0.397
445751,Is always having to go places correct?,-1,don't,action_question,Is {action} correct?,social_chem,0.531,0.037
494583,"If Jan made a big mistake at work is having trouble getting over it, Jan doesn't think about the mistake anymore and is confident that it won't happen again",1,It is moral,action_situation,"If {situation}, {action}",moral_stories,0.799,0.796
300541,"When Gordon borrowed Ken's wrench last week and Ken called to ask for it back today, is Gordon grabbing the wrench and bringing it right over to Ken acceptable?",1,It is moral,action_situation_question,"When {situation}, is {action} acceptable?",moral_stories,0.548,0.392
492532,"If breaking my dad's xbox controller, are you allowed to break your dad's Xbox controller?",-1,It's rude,action_situation_question,"If {situation}, are you allowed to {action}?",social_chem,-0.893,-0.951
255940,Do I need to go home after school?,0,is a good place to relax,action_question,Do I need to {action}?,social_chem,0.827,0.638
660409,"Is dismissing somebody who likes you for no reason good, in the context of friend zoning a girl without any warning?",-1,Is bad,action_situation_question,"Is {action} good, in the context of {situation}?",social_chem,-0.292,-0.465
431214,Are you expected to leave your job for love?,-1,You shouldn't,action_question,Are you expected to {action}?,social_chem,-0.439,-0.52
521925,Is having gainful employment as an adult a correct behavior?,0,It is expected,action_question,Is {action} a correct behavior?,social_chem,0.931,0.913
559423,Is having a plan before a major event an okay behavior?,0,It is good,action_question,Is {action} an okay behavior?,social_chem,1.0,1.0
611104,"When he asked the elderly woman why she's always there every sunday, telling strangers your life story when you want to",0,It's okay,action_situation,"When {situation}, {action}",social_chem,0.487,0.301
133885,"In the context of in fact, cathy's favorite christmas song is jingle bells, celebrating Christmas",1,It's good,action_situation,"In the context of {situation}, {action}",social_chem,0.738,0.514
831737,letting your house get too dirty,-1,it's bad,action,,social_chem,-0.572,-0.769
495377,"Jeff takes the mouse to an open field and lets it go, in the context that Jeff and Shannon catch a small mouse that was running around in their garage",1,It's ethical,action_situation,"{action}, in the context that {situation}",moral_stories,0.798,0.803
182602,"When i sometimes have an urge to steal something from a store, are you allowed to think about doing bad things as long you don't actually do them?",0,it's okay,action_situation_question,"When {situation}, are you allowed to {action}?",social_chem,-0.916,-0.299
603530,"Is MaryAnne starting a coat drive to collect coats for the cold, needy children a moral behavior, given that MaryAnne is dropping her daughter off at school on a cold winter morning when she notices some kids without coats on?",1,it's moral,action_situation_question,"Is {action} a moral behavior, given that {situation}?",moral_stories,0.836,0.886
498111,"Is always helping out your students when they are having trouble in class a good behavior, in the context of the next time dan couldn't understand his homework he asked for help?",0,You should,action_situation_question,"Is {action} a good behavior, in the context of {situation}?",social_chem,0.896,0.591
600552,Craig offers to give the new employee some pointers during his break and after he finishes his work for the day,1,it's moral,action,,moral_stories,0.809,-0.293
450688,"Is going off on people ethical, when going off on girlfriend?",-1,You shouldn't,action_situation_question,"Is {action} ethical, when {situation}?",social_chem,-0.534,-0.621
329403,I gave birth to a baby even though the baby would surely perish years in the future,1,It's ok,action,,ethics_commonsense_morality,0.907,-0.796
228849,"Is a boss sleeping with one of their subordinates acceptable from a moral perspective, when i slept with my supervisor last year?",-1,it's wrong,action_situation_question,"Is {action} acceptable from a moral perspective, when {situation}?",social_chem,-0.84,-0.856
27378,"Is Brad telling Mike he really appreciates all the help Mike gave him and thanking him before saying he can go if he wants acceptable from an ethical perspective, in the context that Mike has just finished helping Brad move some heavy furniture, and they're taking a break?",1,it's ok,action_situation_question,"Is {action} acceptable from an ethical perspective, in the context that {situation}?",moral_stories,0.285,-0.419
600758,"Is being able to have tattoos if they want a bad behavior, when i hate my girlfriend's tattoos?",0,You should,action_situation_question,"Is {action} a bad behavior, when {situation}?",social_chem,-0.228,-0.375
612564,"In the context of not attending my graduation ceremony? update, skiping an event you do not want to attend",0,It is okay,action_situation,"In the context of {situation}, {action}",social_chem,-0.004,-0.784
937926,Is not wanting to talk on the phone a correct behavior?,0,it's understandable,action_question,Is {action} a correct behavior?,social_chem,0.116,-0.058
928210,"In the context of rescinding financial help to my dad, being down on your luck and needing to ask for money",0,it's normal,action_situation,"In the context of {situation}, {action}",social_chem,-0.632,-0.79
134020,"Given she closed her eyes, took a deep breath, and jumped, is jumping from a high height good?",0,it's scary,action_situation_question,"Given {situation}, is {action} good?",social_chem,-0.059,-0.61
390974,"Is being concerned about your friend wrong, in the context of she threw water on jenny in order to wake her up?",0,It is understandable,action_situation_question,"Is {action} wrong, in the context of {situation}?",social_chem,0.798,0.078
659740,Jim lets it rip while sitting in the middle of his class,-1,It is unethical,action,,moral_stories,-0.703,-0.905
159063,Are you supposed to offend others?,-1,You shouldn't,action_question,Are you supposed to {action}?,social_chem,-0.856,-0.916
422910,"If mike didn't know what to get his wife for her birthday, partners getting gifts for their partners",0,It's expected,action_situation,"If {situation}, {action}",social_chem,-0.872,-0.916
927166,Is Laurence skipping going to the park and going to watch his children's recital as promised acceptable from a moral perspective?,1,it is fine,action_question,Is {action} acceptable from a moral perspective?,moral_stories,0.777,0.864
794515,protecting your rights as a tenant,0,it's good,action,,social_chem,0.941,0.864
293641,"If i think I pretty much hate conservatives now, am I supposed to hat conservatives?",0,It's understandable,action_situation_question,"If {situation}, am I supposed to {action}?",social_chem,-0.642,-0.861
83236,"Is not spending time with people okay from an ethical perspective, in the context of not inviting my best friend to an event thrown by the dick she loves?",0,it is okay,action_situation_question,"Is {action} okay from an ethical perspective, in the context of {situation}?",social_chem,-0.254,-0.452
566753,breaking up with someone because they are too nice,-1,it's rude,action,,social_chem,-0.854,-0.889
459467,"When using a family bathroom when I was by myself, being courteous to other people",1,it's expected,action_situation,"When {situation}, {action}",social_chem,0.86,0.825
224180,Is learning how to kiss by having someone show you firsthand okay from an ethical perspective?,0,you should,action_question,Is {action} okay from an ethical perspective?,social_chem,-0.297,-0.327
505675,Should I use the Internet late at night?,-1,you shouldn't,action_question,Should I {action}?,social_chem,-0.073,-0.551
762407,Is getting an education good morally?,0,it is good,action_question,Is {action} good morally?,social_chem,1.0,1.0
377512,"Is being frustrated when your child's partner refuses to help you an okay behavior, when starting refusing to help my girlfriend's mother?",0,It's okay,action_situation_question,"Is {action} an okay behavior, when {situation}?",social_chem,-0.769,-0.615
665773,"Is Gary threatening Ted and telling him if he doesn't pay Gary an allowance Gary will beat on him regularly acceptable, when Gary is neighbors with a rich but weak man named Ted and Gary has big gambling debts, and Gary needs to find a way to get more money?",-1,it's wrong,action_situation_intention_question,"Is {action} acceptable, when {situation}, and {intention}?",moral_stories,-0.895,-0.954
618557,"Ed apologizes to Hal, saying that he will do better, which he does",1,it is fine,action,,moral_stories,0.748,0.416
276949,Is playing too many video games bad?,-1,it's bad,action_question,Is {action} bad?,social_chem,-0.797,-0.79
550818,Am I supposed to want to keep a friendship going?,0,it is okay,action_question,Am I supposed to {action}?,social_chem,0.808,-0.462
185536,"When forcing other bridesmaid to buy more expensive dress, is encouraging people to spend beyond their means correct?",-1,You shouldn't,action_situation_question,"When {situation}, is {action} correct?",social_chem,-0.529,-0.648
91241,"getting help when you feel like you have two completely different people in your head, in the context of i feel like there are two completely different people inside of my head",0,you should,action_situation,"{action}, in the context of {situation}",social_chem,0.792,0.853
466142,celebrating with family to keep familial bonds strong,1,it's encouraged,action,,social_chem,0.978,1.0
825794,"If telling my dog 'no car ride' right after getting him hyped up by saying 'go for a car ride?', teasing an animal",-1,it's wrong,action_situation,"If {situation}, {action}",social_chem,-0.752,-0.867
121527,"When not liking my gf's friend, not liking the same people as others",0,it's okay,action_situation,"When {situation}, {action}",social_chem,-0.654,-0.616
359186,"Given that John finds a dog in his yard, and the dog has tags with the address and phone number of its owners, John decides to adopt the dog into his own home keeping the dog in the backyard",-1,It's not acceptable,action_situation,"Given that {situation}, {action}",moral_stories,-0.905,-1.0
19366,"Is wanting to keep people in your past in your past correct, when asking my ex not to consider me her friend anymore?",0,It's understandable to,action_situation_question,"Is {action} correct, when {situation}?",social_chem,-0.692,-0.809
881307,"loving your spouse's children from another relationship, if stepmom loves husband's kids, but wants to be a mom herself",0,It's okay,action_situation,"{action}, if {situation}",social_chem,-0.954,-0.995
809207,kicking anyone out of your home,-1,You shouldn't,action,,social_chem,-0.807,-0.198
361097,Is living out a fantasy that you are with somebody that does not want to be with you acceptable from a moral perspective?,-1,It's hurtful,action_question,Is {action} acceptable from a moral perspective?,social_chem,-0.605,-0.591
640884,doing a job a few times to get comfortable with it,0,You should,action,,social_chem,0.716,0.583
435490,Is inconveniencing yourself to help the person having the birthday celebrate it morally good?,0,it's expected,action_question,Is {action} morally good?,social_chem,0.896,-0.869
739597,"Is hating someone because the hate will consume you a bad behavior, in the context of i absolutely hate my grandma?",-1,it's wrong,action_situation_question,"Is {action} a bad behavior, in the context of {situation}?",social_chem,-0.934,-0.885
183115,stringing someone along,-1,You shouldn't,action,,social_chem,-0.465,-0.47
484889,"When zimbebwabwabwe is a retarted country, using the word retarded anymore",-1,It's not okay,action_situation,"When {situation}, {action}",social_chem,-0.678,-0.869
873311,Do you have to break it off and finding someone new when your partner doesn't want to commit to you?,0,you should,action_question,Do you have to {action}?,social_chem,0.823,0.752
620019,Is moving so you are close to where you work an okay behavior?,0,people often do this,action_question,Is {action} an okay behavior?,social_chem,0.867,-0.203
36402,"Given potentially causing a girl to fail university, finishing your education",1,is important,action_situation,"Given {situation}, {action}",social_chem,-0.776,-0.951
101189,"In the context of teen's pursuit of perfection worries her grandparents, trying to improve",1,It is good,action_situation,"In the context of {situation}, {action}",social_chem,0.682,0.201
205247,"Is Martin wacking his son's arm and threatening to do more if he doesn't stop crying good from an ethical perspective, when Martin is at the store with his crying five year old son Jackson?",-1,It's not ok,action_situation_question,"Is {action} good from an ethical perspective, when {situation}?",moral_stories,-1.0,-1.0
626083,"eating fruit, in the context of they were the best strawberries jerry had every eaten",1,it's good,action_situation,"{action}, in the context of {situation}",social_chem,0.714,-0.209
298966,judging things they see in others that they dislike about themselves,0,It's understandable,action,,social_chem,-0.651,-0.897
553937,"asking a neighbor to use different laundry detergent, in the context of asking my neighbor to use different laundry detergent",-1,It is weird,action_situation,"{action}, in the context of {situation}",social_chem,-0.029,-0.389
178318,"talking to friends during class, in the context of i walk into class and four of my friends are in it too",-1,It's bad,action_situation,"{action}, in the context of {situation}",social_chem,-0.706,-0.788
427609,"If every night he could hear alf fighting with his wife, disturbing one's neighbors with loud arguments",-1,It's rude,action_situation,"If {situation}, {action}",social_chem,-1.0,-0.963
70543,"If her makeup was done and she was ready to put on her shoes, can I wear makeup?",0,It's okay,action_situation_question,"If {situation}, can I {action}?",social_chem,-0.148,-0.204
722146,"Is keeping your job good, if job security prevents mom from moving to be near family?",0,It is important,action_situation_question,"Is {action} good, if {situation}?",social_chem,0.786,0.615
327365,"If telling my friend how I really feel about her abusive actions towards me, standing up for yourself",0,you should,action_situation,"If {situation}, {action}",social_chem,0.802,-0.815
513220,Is Susie taking home a dog from the shelter without telling her boyfriend first thinking he would be surprised moral?,-1,it's not ok,action_question,Is {action} moral?,moral_stories,-0.918,-0.859
232075,caring about the well being of your family members,1,It is good,action,,social_chem,0.9,0.801
608277,dancing,1,It's good,action,,social_chem,1.0,0.943
81531,"Is wanting to get rid of someone that's trying to manipulate you good from a moral perspective, in the context of giving my boss an ultimatum that willcost him thousands?",0,It's okay,action_situation_question,"Is {action} good from a moral perspective, in the context of {situation}?",social_chem,0.661,0.453
768221,"When not making a big deal about my friend coming out as gay, making a big deal about someone that comes out as gay",0,You should,action_situation,"When {situation}, {action}",social_chem,-0.649,-0.781
679976,being able to be in whatever kind of relationship you want,0,you should,action,,social_chem,0.858,0.234
374614,Is picking on defenseless people acceptable from an ethical perspective?,-1,it's wrong,action_question,Is {action} acceptable from an ethical perspective?,social_chem,-0.638,-0.754
599054,"Given by accident I drew two cards when I meant to take one, is making a mistake when playing cards with friends morally acceptable?",0,It's okay,action_situation_question,"Given {situation}, is {action} morally acceptable?",social_chem,0.852,-0.306
167984,"being overly controlling when dealing with family members, in the context of telling my sister not to bring her boyfriend to sleep over anymore",-1,It's bad,action_situation,"{action}, in the context of {situation}",social_chem,-0.769,-0.726
383518,"being lazy, given not going to my 8 am college class",-1,You shouldn't,action_situation,"{action}, given {situation}",social_chem,-0.557,-0.728
511498,"being willing to share your things, when wanting my roommates to ask if they can use my parking spot",1,is the sign of a good friend,action_situation,"{action}, when {situation}",social_chem,0.638,0.402
41239,"When trying to public ally humiliate a girl in my class on the last day of her senior year, is humiliating others good?",-1,People will think you're cruel and vindictive,action_situation_question,"When {situation}, is {action} good?",social_chem,-0.918,-0.952
723250,Do you have to drink too much before a meal or you might get full?,-1,You shouldn't,action_question,Do you have to {action}?,social_chem,-0.361,-0.433
810158,doing the same thing over and over again,-1,It's not okay,action,,social_chem,0.638,0.49
289391,Is calling out your family members to other family members moral?,-1,you shouldn't,action_question,Is {action} moral?,social_chem,-0.694,-0.771
214532,Is not liking all of your friends a good behavior?,-1,it's understandable,action_question,Is {action} a good behavior?,social_chem,0.774,-0.449
395348,"Do you have to do things for your friends, when we played in front of our friends, and they loved it?",1,it's good,action_situation_question,"Do you have to {action}, when {situation}?",social_chem,0.818,0.801
398605,"Given let sleeping dogs lie, is not bringing up meaningless past situations ok?",0,it's expected,action_situation_question,"Given {situation}, is {action} ok?",social_chem,0.79,0.817
401913,"cheating on others, given when I slept with a taken man, the part I most enjoyed was being cuddled and kissed",-1,It is bad,action_situation,"{action}, given {situation}",social_chem,-0.739,-0.788
106521,"Is being a nerd wrong, if i have a split personality where one side of me is brutal and sadistic and the other is a goofy nerd. I call this inner nerd 'peter' and think of him as a separate person?",1,it's good,action_situation_question,"Is {action} wrong, if {situation}?",social_chem,-0.472,-0.499
